{    
    "Name": "Quarry",
	"CategoryName": "Digging Blocks",
    "CreatorName": "Albertbz",
    "UniqueID": 1473066952,
    "Recipe": {
		"Array" : [11,11,34,11,11,11,11,11,11,11,34,11,11,11,34,11,11,11,23,11,11,11,34,11,11,11,34,11,11,11,11,11,11,11,34,11,11,11,34,11,11,11,11,11,11,11,34,11,11,11,73,11,11,11,23,11,73,73,73,73],
		"SizeX": 4,
		"SizeY": 3,
		"SizeZ": 5
	},
    "Yield": 1,
    "SimilarTo": 1,
    "Textures": {
        "Mode": 2,
        "WithNormals" : false
      }
  }